product_id,product_name,primary_image,gallery_image_2,gallery_image_3,seed_image_used,replace_folder,license_source,source_url,notes
lainac,Acoma Crapemyrtle,images/products/lainac/main.jpg,images/products/lainac/alt-1.jpg,images/products/lainac/alt-2.jpg,images/Trees/LA/LAinAC_L.jpg,images/products/lainac/,,,Replace with commercially licensed images as needed.
hyqual,Alice Hydrangea,images/products/hyqual/main.jpg,images/products/hyqual/alt-1.jpg,images/products/hyqual/alt-2.jpg,images/Shrubs/Flowering/HY/HYquAL_L.jpg,images/products/hyqual/,,,Replace with commercially licensed images as needed.
bxseam,American Boxwood,images/products/bxseam/main.jpg,images/products/bxseam/alt-1.jpg,images/products/bxseam/alt-2.jpg,images/Shrubs/Evergreen/BX/BXseAM_L.jpg,images/products/bxseam/,,,Replace with commercially licensed images as needed.
diviam,American Persimmon,images/products/diviam/main.jpg,images/products/diviam/alt-1.jpg,images/products/diviam/alt-2.jpg,images/Trees/DI/DIviAM.jpg,images/products/diviam/,,,Replace with commercially licensed images as needed.
malian,ANN Magnolia,images/products/malian/main.jpg,images/products/malian/alt-1.jpg,images/products/malian/alt-2.jpg,images/Trees/MA/MAliAN_L.jpg,images/products/malian/,,,Replace with commercially licensed images as needed.
hyabab,Annabelle Hydrangea,images/products/hyabab/main.jpg,images/products/hyabab/alt-1.jpg,images/products/hyabab/alt-2.jpg,images/Shrubs/Flowering/HY/HYabAB_L.jpg,images/products/hyabab/,,,Replace with commercially licensed images as needed.
hyabab-h-to-g,Annabelle Hydrangea,images/products/hyabab-h-to-g/main.jpg,images/products/hyabab-h-to-g/alt-1.jpg,images/products/hyabab-h-to-g/alt-2.jpg,images/Shrubs/Flowering/HY/HYabAB_L.jpg,images/products/hyabab-h-to-g/,,,Replace with commercially licensed images as needed.
prnuxx,Armking nectarine,images/products/prnuxx/main.jpg,images/products/prnuxx/alt-1.jpg,images/products/prnuxx/alt-2.jpg,images/Trees/PR/PRnuNE_L.jpg,images/products/prnuxx/,,,Replace with commercially licensed images as needed.
prpenuak,Armking nectarine,images/products/prpenuak/main.jpg,images/products/prpenuak/alt-1.jpg,images/products/prpenuak/alt-2.jpg,images/Trees/PR/PRnuNE_L.jpg,images/products/prpenuak/,,,Replace with commercially licensed images as needed.
assian-beauty-berry,Asian Beauty Berry,images/products/assian-beauty-berry/main.jpg,images/products/assian-beauty-berry/alt-1.jpg,images/products/assian-beauty-berry/alt-2.jpg,images/Shrubs/Flowering/VI/VIbuMO_L.jpg,images/products/assian-beauty-berry/,,,Replace with commercially licensed images as needed.
pycoba,Bartlett pear,images/products/pycoba/main.jpg,images/products/pycoba/alt-1.jpg,images/products/pycoba/alt-2.jpg,images/Trees/PY/PYcoBA_L.jpg,images/products/pycoba/,,,Replace with commercially licensed images as needed.
prpebg,Belle of Georgia Peach,images/products/prpebg/main.jpg,images/products/prpebg/alt-1.jpg,images/products/prpebg/alt-2.jpg,images/Trees/PR/PRpeBG_L.jpg,images/products/prpebg/,,,Replace with commercially licensed images as needed.
budabk,Black Knight Butterfly Bush,images/products/budabk/main.jpg,images/products/budabk/alt-1.jpg,images/products/budabk/alt-2.jpg,images/Shrubs/Flowering/BU/BUdaBK_L.jpg,images/products/budabk/,,,Replace with commercially licensed images as needed.
caxbm,Blue Mist,images/products/caxbm/main.jpg,images/products/caxbm/alt-1.jpg,images/products/caxbm/alt-2.jpg,images/Shrubs/Flowering/CA/CAxBM_L.jpg,images/products/caxbm/,,,Replace with commercially licensed images as needed.
abgrcc,Canyon Creek,images/products/abgrcc/main.jpg,images/products/abgrcc/alt-1.jpg,images/products/abgrcc/alt-2.jpg,images/Shrubs/Evergreen/AB/ABgrCC_L.jpg,images/products/abgrcc/,,,Replace with commercially licensed images as needed.
losemw,Cardinal Red Honeysuckle,images/products/losemw/main.jpg,images/products/losemw/alt-1.jpg,images/products/losemw/alt-2.jpg,images/Perennials/LOseMW.jpg,images/products/losemw/,,,Replace with commercially licensed images as needed.
lainca,Catawba Crapemyrtle,images/products/lainca/main.jpg,images/products/lainca/alt-1.jpg,images/products/lainca/alt-2.jpg,images/Trees/LA/LAinCA_L.jpg,images/products/lainca/,,,Replace with commercially licensed images as needed.
laincs,Centenial Spirit,images/products/laincs/main.jpg,images/products/laincs/alt-1.jpg,images/products/laincs/alt-2.jpg,images/Trees/LA/LAinCS_L.jpg,images/products/laincs/,,,Replace with commercially licensed images as needed.
laincd,Cherry Dazzle Crapemyrtle,images/products/laincd/main.jpg,images/products/laincd/alt-1.jpg,images/products/laincd/alt-2.jpg,images/Trees/LA/LAinCD_L.jpg,images/products/laincd/,,,Replace with commercially licensed images as needed.
vimacs,Chinese snowball Viburnum,images/products/vimacs/main.jpg,images/products/vimacs/alt-1.jpg,images/products/vimacs/alt-2.jpg,images/Shrubs/Flowering/VI/VImaCS_L.jpg,images/products/vimacs/,,,Replace with commercially licensed images as needed.
prpeco,Contender Peach,images/products/prpeco/main.jpg,images/products/prpeco/alt-1.jpg,images/products/prpeco/alt-2.jpg,images/Trees/PR/PRpeCO_L.jpg,images/products/prpeco/,,,Replace with commercially licensed images as needed.
spjacr,Crispa,images/products/spjacr/main.jpg,images/products/spjacr/alt-1.jpg,images/products/spjacr/alt-2.jpg,images/Shrubs/Flowering/SP/SPjaCR_L.jpg,images/products/spjacr/,,,Replace with commercially licensed images as needed.
gajada,Daisy Gardenia,images/products/gajada/main.jpg,images/products/gajada/alt-1.jpg,images/products/gajada/alt-2.jpg,images/Shrubs/Flowering/GA/GAjaDA_L.jpg,images/products/gajada/,,,Replace with commercially licensed images as needed.
bxsedr,Dee Runk Boxwood,images/products/bxsedr/main.jpg,images/products/bxsedr/alt-1.jpg,images/products/bxsedr/alt-2.jpg,images/Shrubs/Evergreen/BX/BXseDR_L.JPG,images/products/bxsedr/,,,Replace with commercially licensed images as needed.
laindf,Double Feature Crapemyrtle,images/products/laindf/main.jpg,images/products/laindf/alt-1.jpg,images/products/laindf/alt-2.jpg,images/Trees/LA/LAinDF_L.jpg,images/products/laindf/,,,Replace with commercially licensed images as needed.
fgga,Dwarf Fothergilla,images/products/fgga/main.jpg,images/products/fgga/alt-1.jpg,images/products/fgga/alt-2.jpg,images/Shrubs/Flowering/FG/FGga_L.jpg,images/products/fgga/,,,Replace with commercially licensed images as needed.
laindy,Dynamite Crapemyrtle,images/products/laindy/main.jpg,images/products/laindy/alt-1.jpg,images/products/laindy/alt-2.jpg,images/Trees/LA/LAinDY_L.jpg,images/products/laindy/,,,Replace with commercially licensed images as needed.
cecarb,Eastern Redbud,images/products/cecarb/main.jpg,images/products/cecarb/alt-1.jpg,images/products/cecarb/alt-2.jpg,images/Trees/CE/CEcaRB_L.JPG,images/products/cecarb/,,,Replace with commercially licensed images as needed.
abgreg,Edward Goucher,images/products/abgreg/main.jpg,images/products/abgreg/alt-1.jpg,images/products/abgreg/alt-2.jpg,images/Shrubs/Evergreen/AB/ABgrEG_L.jpg,images/products/abgreg/,,,Replace with commercially licensed images as needed.
prpeeb,Elberta Peach,images/products/prpeeb/main.jpg,images/products/prpeeb/alt-1.jpg,images/products/prpeeb/alt-2.jpg,images/Trees/PR/PRpeEB_L.jpg,images/products/prpeeb/,,,Replace with commercially licensed images as needed.
thocem,EMERALD ARBORVITAE,images/products/thocem/main.jpg,images/products/thocem/alt-1.jpg,images/products/thocem/alt-2.jpg,images/Trees/TH/THocEM_L.jpg,images/products/thocem/,,,Replace with commercially licensed images as needed.
bxsesu,English Edging Boxwood,images/products/bxsesu/main.jpg,images/products/bxsesu/alt-1.jpg,images/products/bxsesu/alt-2.jpg,images/Shrubs/Evergreen/BX/BXseSU_L.jpg,images/products/bxsesu/,,,Replace with commercially licensed images as needed.
bxsefa,Fastigiata Boxwood,images/products/bxsefa/main.jpg,images/products/bxsefa/alt-1.jpg,images/products/bxsefa/alt-2.jpg,images/Shrubs/Evergreen/BX/BXseFA_L.jpg,images/products/bxsefa/,,,Replace with commercially licensed images as needed.
prpefg,Florida Glo Peach,images/products/prpefg/main.jpg,images/products/prpefg/alt-1.jpg,images/products/prpefg/alt-2.jpg,images/Trees/PR/PRpeRH_L.jpg,images/products/prpefg/,,,Replace with commercially licensed images as needed.
fgmama,Fothergilla Mt. Airy,images/products/fgmama/main.jpg,images/products/fgmama/alt-1.jpg,images/products/fgmama/alt-2.jpg,images/Shrubs/Flowering/FG/FGmaMA_L.jpg,images/products/fgmama/,,,Replace with commercially licensed images as needed.
gajafp,Frost Proof Gardenia,images/products/gajafp/main.jpg,images/products/gajafp/alt-1.jpg,images/products/gajafp/alt-2.jpg,images/Shrubs/Flowering/GA/GAjaFP_L.jpg,images/products/gajafp/,,,Replace with commercially licensed images as needed.
ml-fuji,Fuji Apple,images/products/ml-fuji/main.jpg,images/products/ml-fuji/alt-1.jpg,images/products/ml-fuji/alt-2.jpg,images/Trees/ML/Fuji_1.jpg,images/products/ml-fuji/,,,Replace with commercially licensed images as needed.
dikafu,Fuyu Persimmon,images/products/dikafu/main.jpg,images/products/dikafu/alt-1.jpg,images/products/dikafu/alt-2.jpg,images/Trees/DI/DIkaFU.jpg,images/products/dikafu/,,,Replace with commercially licensed images as needed.
ml-gala,Gala Apple,images/products/ml-gala/main.jpg,images/products/ml-gala/alt-1.jpg,images/products/ml-gala/alt-2.jpg,images/Trees/ML/Gala_1.jpg,images/products/ml-gala/,,,Replace with commercially licensed images as needed.
maxga,GALAXY Magnolia,images/products/maxga/main.jpg,images/products/maxga/alt-1.jpg,images/products/maxga/alt-2.jpg,images/Trees/MA/MAxGA_L.jpg,images/products/maxga/,,,Replace with commercially licensed images as needed.
lefogr,Garad's Rainbow,images/products/lefogr/main.jpg,images/products/lefogr/alt-1.jpg,images/products/lefogr/alt-2.jpg,images/Shrubs/Evergreen/LE/LEfoGR_L.jpg,images/products/lefogr/,,,Replace with commercially licensed images as needed.
spbugf,Gold Flame,images/products/spbugf/main.jpg,images/products/spbugf/alt-1.jpg,images/products/spbugf/alt-2.jpg,images/Shrubs/Flowering/SP/SPbuGF_L.jpg,images/products/spbugf/,,,Replace with commercially licensed images as needed.
spjagm,Gold Mound,images/products/spjagm/main.jpg,images/products/spjagm/alt-1.jpg,images/products/spjagm/alt-2.jpg,images/Shrubs/Flowering/SP/SPjaGM_L.jpg,images/products/spjagm/,,,Replace with commercially licensed images as needed.
ml-gold-d,Golden Delicious,images/products/ml-gold-d/main.jpg,images/products/ml-gold-d/alt-1.jpg,images/products/ml-gold-d/alt-2.jpg,images/Trees/ML/Gold_D_1.jpg,images/products/ml-gold-d/,,,Replace with commercially licensed images as needed.
kejagg,Golden Guinea Kerria,images/products/kejagg/main.jpg,images/products/kejagg/alt-1.jpg,images/products/kejagg/alt-2.jpg,images/Shrubs/Flowering/KE/KEjaGG_L.jpg,images/products/kejagg/,,,Replace with commercially licensed images as needed.
ml-gs,Granny Smith,images/products/ml-gs/main.jpg,images/products/ml-gs/alt-1.jpg,images/products/ml-gs/alt-2.jpg,images/Trees/ML/MLdoGS.jpg,images/products/ml-gs/,,,Replace with commercially licensed images as needed.
bxmigb,Green Beauty,images/products/bxmigb/main.jpg,images/products/bxmigb/alt-1.jpg,images/products/bxmigb/alt-2.jpg,images/Shrubs/Evergreen/BX/BXmiGB_L.jpg,images/products/bxmigb/,,,Replace with commercially licensed images as needed.
bxxgg,Green Gem,images/products/bxxgg/main.jpg,images/products/bxxgg/alt-1.jpg,images/products/bxxgg/alt-2.jpg,images/Shrubs/Evergreen/BX/BXxGG_L.jpg,images/products/bxxgg/,,,Replace with commercially licensed images as needed.
thxgg,GREEN GIANT ARBORVITAE,images/products/thxgg/main.jpg,images/products/thxgg/alt-1.jpg,images/products/thxgg/alt-2.jpg,images/Trees/TH/THxGG_L.jpg,images/products/thxgg/,,,Replace with commercially licensed images as needed.
bxxgm,Green Mountain,images/products/bxxgm/main.jpg,images/products/bxxgm/alt-1.jpg,images/products/bxxgm/alt-2.jpg,images/Shrubs/Evergreen/BX/BXxGM_L.jpg,images/products/bxxgm/,,,Replace with commercially licensed images as needed.
bxxgv,Green Velvet,images/products/bxxgv/main.jpg,images/products/bxxgv/alt-1.jpg,images/products/bxxgv/alt-2.jpg,images/Shrubs/Evergreen/BX/BXxGV_L.jpg,images/products/bxxgv/,,,Replace with commercially licensed images as needed.
cailhp,Harty Pecan,images/products/cailhp/main.jpg,images/products/cailhp/alt-1.jpg,images/products/cailhp/alt-2.jpg,images/Trees/CA/CAilHP.jpg,images/products/cailhp/,,,Replace with commercially licensed images as needed.
itvihg,Henry's Garnet Itea,images/products/itvihg/main.jpg,images/products/itvihg/alt-1.jpg,images/products/itvihg/alt-2.jpg,images/Shrubs/Flowering/IT/ITviHG_L.jpg,images/products/itvihg/,,,Replace with commercially licensed images as needed.
lainho,Hopi Crapemyrtle,images/products/lainho/main.jpg,images/products/lainho/alt-1.jpg,images/products/lainho/alt-2.jpg,images/Trees/LA/LAinHO_L.jpg,images/products/lainho/,,,Replace with commercially licensed images as needed.
clalhb,Humming Bird Clethra,images/products/clalhb/main.jpg,images/products/clalhb/alt-1.jpg,images/products/clalhb/alt-2.jpg,images/Shrubs/Flowering/CL/CLalHB_L.jpg,images/products/clalhb/,,,Replace with commercially licensed images as needed.
bxsein,Inglis Boxwood,images/products/bxsein/main.jpg,images/products/bxsein/alt-1.jpg,images/products/bxsein/alt-2.jpg,images/Shrubs/Evergreen/BX/BXseIN_L.JPG,images/products/bxsein/,,,Replace with commercially licensed images as needed.
malija,JANE Magnolia,images/products/malija/main.jpg,images/products/malija/alt-1.jpg,images/products/malija/alt-2.jpg,images/Trees/MA/MAliJA_L.jpg,images/products/malija/,,,Replace with commercially licensed images as needed.
acpaat,Japanese Red Maple,images/products/acpaat/main.jpg,images/products/acpaat/alt-1.jpg,images/products/acpaat/alt-2.jpg,images/Trees/AC/ACpaAT_L.jpg,images/products/acpaat/,,,Replace with commercially licensed images as needed.
vixju,Juddii Viburnum,images/products/vixju/main.jpg,images/products/vixju/alt-1.jpg,images/products/vixju/alt-2.jpg,images/Shrubs/Flowering/VI/VIxJU_L.jpg,images/products/vixju/,,,Replace with commercially licensed images as needed.
bxsijb,Justin Brouwers,images/products/bxsijb/main.jpg,images/products/bxsijb/alt-1.jpg,images/products/bxsijb/alt-2.jpg,images/Shrubs/Evergreen/BX/BXsiJB_L.jpg,images/products/bxsijb/,,,Replace with commercially licensed images as needed.
pycoke,Kiefer pear,images/products/pycoke/main.jpg,images/products/pycoke/alt-1.jpg,images/products/pycoke/alt-2.jpg,images/Trees/PY/PYcoKE_L.jpg,images/products/pycoke/,,,Replace with commercially licensed images as needed.
bxsiko,Korean,images/products/bxsiko/main.jpg,images/products/bxsiko/alt-1.jpg,images/products/bxsiko/alt-2.jpg,images/Shrubs/Evergreen/BX/BXsiKO_L.jpg,images/products/bxsiko/,,,Replace with commercially licensed images as needed.
hypall,Limelight Hydrangea,images/products/hypall/main.jpg,images/products/hypall/alt-1.jpg,images/products/hypall/alt-2.jpg,images/Shrubs/Flowering/HY/HYpaPG_L.jpg,images/products/hypall/,,,Replace with commercially licensed images as needed.
spjalp,Little Princes,images/products/spjalp/main.jpg,images/products/spjalp/alt-1.jpg,images/products/spjalp/alt-2.jpg,images/Shrubs/Flowering/SP/SPjaLP_L.jpg,images/products/spjalp/,,,Replace with commercially licensed images as needed.
fsxlg,Lynwood Gold Forsythia,images/products/fsxlg/main.jpg,images/products/fsxlg/alt-1.jpg,images/products/fsxlg/alt-2.jpg,images/Shrubs/Flowering/FS/FSxLG_L.jpg,images/products/fsxlg/,,,Replace with commercially licensed images as needed.
malome,MERRILL Magnolia,images/products/malome/main.jpg,images/products/malome/alt-1.jpg,images/products/malome/alt-2.jpg,images/Trees/MA/MAloME_L.jpg,images/products/malome/,,,Replace with commercially licensed images as needed.
sypumk,Miss Kim Lilac,images/products/sypumk/main.jpg,images/products/sypumk/alt-1.jpg,images/products/sypumk/alt-2.jpg,images/Shrubs/Flowering/SY/SYpuMK_L.jpg,images/products/sypumk/,,,Replace with commercially licensed images as needed.
at-level-3,Mohawk Viburnum,images/products/at-level-3/main.jpg,images/products/at-level-3/alt-1.jpg,images/products/at-level-3/alt-2.jpg,images/Shrubs/Flowering/VI/VIbuMO_L.jpg,images/products/at-level-3/,,,Replace with commercially licensed images as needed.
vibumo,Mohawk Viburnum,images/products/vibumo/main.jpg,images/products/vibumo/alt-1.jpg,images/products/vibumo/alt-2.jpg,images/Shrubs/Flowering/VI/VIbuMO_L.jpg,images/products/vibumo/,,,Replace with commercially licensed images as needed.
pycomg,Moon Glo Pear,images/products/pycomg/main.jpg,images/products/pycomg/alt-1.jpg,images/products/pycomg/alt-2.jpg,images/Trees/PY/PYcoMG_L.jpg,images/products/pycomg/,,,Replace with commercially licensed images as needed.
prarmp,Mooorpark Apricot,images/products/prarmp/main.jpg,images/products/prarmp/alt-1.jpg,images/products/prarmp/alt-2.jpg,images/Trees/PR/PRarMP_L.jpg,images/products/prarmp/,,,Replace with commercially licensed images as needed.
nadofp,Nadina Fire Power,images/products/nadofp/main.jpg,images/products/nadofp/alt-1.jpg,images/products/nadofp/alt-2.jpg,images/Shrubs/Flowering/NA/NAdoFP_L.jpg,images/products/nadofp/,,,Replace with commercially licensed images as needed.
budaeb,Nano Blue Butterfly Bush,images/products/budaeb/main.jpg,images/products/budaeb/alt-1.jpg,images/products/budaeb/alt-2.jpg,images/Shrubs/Flowering/BU/BUdaNB_L.jpg,images/products/budaeb/,,,Replace with commercially licensed images as needed.
lainna,Natchez Crapemyrtle,images/products/lainna/main.jpg,images/products/lainna/alt-1.jpg,images/products/lainna/alt-2.jpg,images/Trees/LA/LAinNA_L.jpg,images/products/lainna/,,,Replace with commercially licensed images as needed.
ilxns,NELLY R STEVENS,images/products/ilxns/main.jpg,images/products/ilxns/alt-1.jpg,images/products/ilxns/alt-2.jpg,images/Trees/IL/ILxNS_L.jpg,images/products/ilxns/,,,Replace with commercially licensed images as needed.
spjanf,Neon Flash,images/products/spjanf/main.jpg,images/products/spjanf/alt-1.jpg,images/products/spjanf/alt-2.jpg,images/Shrubs/Flowering/SP/SPjaNF_L.jpg,images/products/spjanf/,,,Replace with commercially licensed images as needed.
viplnp,Newport Viburnum,images/products/viplnp/main.jpg,images/products/viplnp/alt-1.jpg,images/products/viplnp/alt-2.jpg,images/Shrubs/Flowering/VI/VIplNP_L.jpg,images/products/viplnp/,,,Replace with commercially licensed images as needed.
hymanb,Nikko Blue,images/products/hymanb/main.jpg,images/products/hymanb/alt-1.jpg,images/products/hymanb/alt-2.jpg,images/Shrubs/Flowering/HY/HYmaNB_L.jpg,images/products/hymanb/,,,Replace with commercially licensed images as needed.
bxxnc,Northern Charm,images/products/bxxnc/main.jpg,images/products/bxxnc/alt-1.jpg,images/products/bxxnc/alt-2.jpg,images/Shrubs/Evergreen/BX/BXxNC_L.jpg,images/products/bxxnc/,,,Replace with commercially licensed images as needed.
weflvw,Old Fasion Weigela,images/products/weflvw/main.jpg,images/products/weflvw/alt-1.jpg,images/products/weflvw/alt-2.jpg,images/Shrubs/Flowering/WE/WEflVW_L.jpg,images/products/weflvw/,,,Replace with commercially licensed images as needed.
syxog,Old Glory Lilac,images/products/syxog/main.jpg,images/products/syxog/alt-1.jpg,images/products/syxog/alt-2.jpg,images/Shrubs/Flowering/SY/SYxOG_L.jpg,images/products/syxog/,,,Replace with commercially licensed images as needed.
symepa,Palibin Lilac,images/products/symepa/main.jpg,images/products/symepa/alt-1.jpg,images/products/symepa/alt-2.jpg,images/Shrubs/Flowering/SY/SYmePA_L.jpg,images/products/symepa/,,,Replace with commercially licensed images as needed.
hypapg,Pee Gee  Hydrangea,images/products/hypapg/main.jpg,images/products/hypapg/alt-1.jpg,images/products/hypapg/alt-2.jpg,images/Shrubs/Flowering/HY/HYpaPG_L.jpg,images/products/hypapg/,,,Replace with commercially licensed images as needed.
hymapm,Penny Mac Hydrangea,images/products/hymapm/main.jpg,images/products/hymapm/alt-1.jpg,images/products/hymapm/alt-2.jpg,images/Shrubs/Flowering/HY/HYmaPM_L.jpg,images/products/hymapm/,,,Replace with commercially licensed images as needed.
pycopi,Pinapple pear,images/products/pycopi/main.jpg,images/products/pycopi/alt-1.jpg,images/products/pycopi/alt-2.jpg,images/Trees/PY/PYcoPI_L.jpg,images/products/pycopi/,,,Replace with commercially licensed images as needed.
hypapd,Pink Diamond Hydrangea,images/products/hypapd/main.jpg,images/products/hypapd/alt-1.jpg,images/products/hypapd/alt-2.jpg,images/Shrubs/Flowering/HY/HYpaPD_L.jpg,images/products/hypapd/,,,Replace with commercially licensed images as needed.
mldopl,Pink Lady,images/products/mldopl/main.jpg,images/products/mldopl/alt-1.jpg,images/products/mldopl/alt-2.jpg,images/Trees/ML/MLdoPL_L.jpg,images/products/mldopl/,,,Replace with commercially licensed images as needed.
lainpk,Pocomoke Crapemyrtle,images/products/lainpk/main.jpg,images/products/lainpk/alt-1.jpg,images/products/lainpk/alt-2.jpg,images/Trees/LA/LAinPK_L.jpg,images/products/lainpk/,,,Replace with commercially licensed images as needed.
vixpr,Pragense Viburnum,images/products/vixpr/main.jpg,images/products/vixpr/alt-1.jpg,images/products/vixpr/alt-2.jpg,images/Shrubs/Evergreen/VI/VIxPR_L.jpg,images/products/vixpr/,,,Replace with commercially licensed images as needed.
thocpy,PYRAMIDALIS ARBORVITAE,images/products/thocpy/main.jpg,images/products/thocpy/alt-1.jpg,images/products/thocpy/alt-2.jpg,images/Trees/TH/THocPY_L.jpg,images/products/thocpy/,,,Replace with commercially licensed images as needed.
lainrp,Raposidy in Pink Crapemyrtle,images/products/lainrp/main.jpg,images/products/lainrp/alt-1.jpg,images/products/lainrp/alt-2.jpg,images/Trees/LA/LAinRP_L.jpg,images/products/lainrp/,,,Replace with commercially licensed images as needed.
prperh,Red Haven Peach,images/products/prperh/main.jpg,images/products/prperh/alt-1.jpg,images/products/prperh/alt-2.jpg,images/Trees/PR/PRpeRH_L.jpg,images/products/prperh/,,,Replace with commercially licensed images as needed.
prsarj,Red June Plum,images/products/prsarj/main.jpg,images/products/prsarj/alt-1.jpg,images/products/prsarj/alt-2.jpg,images/Trees/PR/PRsaRJ_L.jpg,images/products/prsarj/,,,Replace with commercially licensed images as needed.
acruru,Red Maple,images/products/acruru/main.jpg,images/products/acruru/alt-1.jpg,images/products/acruru/alt-2.jpg,images/Trees/AC/ACruRU_S.jpg,images/products/acruru/,,,Replace with commercially licensed images as needed.
prperseb,RedSkin Elberta Peach,images/products/prperseb/main.jpg,images/products/prperseb/alt-1.jpg,images/products/prperseb/alt-2.jpg,images/Trees/PR/PRpeRH_L.jpg,images/products/prperseb/,,,Replace with commercially licensed images as needed.
benirb,River Birch,images/products/benirb/main.jpg,images/products/benirb/alt-1.jpg,images/products/benirb/alt-2.jpg,images/Trees/BE/BEniRB_L.jpg,images/products/benirb/,,,Replace with commercially licensed images as needed.
mastrs,ROYAL Star,images/products/mastrs/main.jpg,images/products/mastrs/alt-1.jpg,images/products/mastrs/alt-2.jpg,images/Trees/MA/MAstRS_L.jpg,images/products/mastrs/,,,Replace with commercially licensed images as needed.
clalrs,Ruby Spice Clethra,images/products/clalrs/main.jpg,images/products/clalrs/alt-1.jpg,images/products/clalrs/alt-2.jpg,images/Shrubs/Flowering/CL/CLalRS_L.jpg,images/products/clalrs/,,,Replace with commercially licensed images as needed.
eualrh,Rudy Haag,images/products/eualrh/main.jpg,images/products/eualrh/alt-1.jpg,images/products/eualrh/alt-2.jpg,images/Shrubs/Flowering/EU/EUalRH_L.jpg,images/products/eualrh/,,,Replace with commercially licensed images as needed.
prsasr,Santa Rosa Plum,images/products/prsasr/main.jpg,images/products/prsasr/alt-1.jpg,images/products/prsasr/alt-2.jpg,images/Trees/PR/PRsaSR_L.jpg,images/products/prsasr/,,,Replace with commercially licensed images as needed.
lainsf,Sarah's Favorite Crapemyrtle,images/products/lainsf/main.jpg,images/products/lainsf/alt-1.jpg,images/products/lainsf/alt-2.jpg,images/Trees/LA/LAinSF_L.jpg,images/products/lainsf/,,,Replace with commercially licensed images as needed.
prsasb,Scarlet Beauty Plum,images/products/prsasb/main.jpg,images/products/prsasb/alt-1.jpg,images/products/prsasb/alt-2.jpg,images/Trees/PR/PRsaSB_L.jpg,images/products/prsasb/,,,Replace with commercially licensed images as needed.
ilgasr,SHAMROCK HOLLY,images/products/ilgasr/main.jpg,images/products/ilgasr/alt-1.jpg,images/products/ilgasr/alt-2.jpg,images/Shrubs/Evergreen/IL/ILgaSR_L.jpg,images/products/ilgasr/,,,Replace with commercially licensed images as needed.
viptsh,Shasta Viburnum,images/products/viptsh/main.jpg,images/products/viptsh/alt-1.jpg,images/products/viptsh/alt-2.jpg,images/Shrubs/Flowering/VI/VIptSH_L.jpg,images/products/viptsh/,,,Replace with commercially licensed images as needed.
ilcrsp,SKY Pencil Holly,images/products/ilcrsp/main.jpg,images/products/ilcrsp/alt-1.jpg,images/products/ilcrsp/alt-2.jpg,images/Shrubs/Evergreen/IL/IlcrSP_L.jpg,images/products/ilcrsp/,,,Replace with commercially licensed images as needed.
spnism,Snow Mound,images/products/spnism/main.jpg,images/products/spnism/alt-1.jpg,images/products/spnism/alt-2.jpg,images/Shrubs/Flowering/SP/SPniSM_L.jpg,images/products/spnism/,,,Replace with commercially licensed images as needed.
viopst,Snowball Viburnum,images/products/viopst/main.jpg,images/products/viopst/alt-1.jpg,images/products/viopst/alt-2.jpg,images/Shrubs/Flowering/VI/VIopST_L.jpg,images/products/viopst/,,,Replace with commercially licensed images as needed.
hyqusq,Snowqueen Hydrangea,images/products/hyqusq/main.jpg,images/products/hyqusq/alt-1.jpg,images/products/hyqusq/alt-2.jpg,images/Shrubs/Flowering/HY/HYquSQ_L.jpg,images/products/hyqusq/,,,Replace with commercially licensed images as needed.
acsasm,Sugar Maple,images/products/acsasm/main.jpg,images/products/acsasm/alt-1.jpg,images/products/acsasm/alt-2.jpg,images/Trees/AC/ACsaSM_L.jpg,images/products/acsasm/,,,Replace with commercially licensed images as needed.
lainto,Tonto Crapemyrtle,images/products/lainto/main.jpg,images/products/lainto/alt-1.jpg,images/products/lainto/alt-2.jpg,images/Trees/LA/LAinTO_L.jpg,images/products/lainto/,,,Replace with commercially licensed images as needed.
laintu,Tuscarora Crapemyrtle,images/products/laintu/main.jpg,images/products/laintu/alt-1.jpg,images/products/laintu/alt-2.jpg,images/Trees/LA/LAinTU_L.jpg,images/products/laintu/,,,Replace with commercially licensed images as needed.
hypaun,Unique Hydrangea,images/products/hypaun/main.jpg,images/products/hypaun/alt-1.jpg,images/products/hypaun/alt-2.jpg,images/Shrubs/Flowering/HY/HYpaUN_L.jpg,images/products/hypaun/,,,Replace with commercially licensed images as needed.
bxsevv,Vardar Valley,images/products/bxsevv/main.jpg,images/products/bxsevv/alt-1.jpg,images/products/bxsevv/alt-2.jpg,images/Shrubs/Evergreen/BX/BXseVV_L.jpg,images/products/bxsevv/,,,Replace with commercially licensed images as needed.
lainvi,Victor Crapemyrtle,images/products/lainvi/main.jpg,images/products/lainvi/alt-1.jpg,images/products/lainvi/alt-2.jpg,images/Trees/LA/LAinVI_L.jpg,images/products/lainvi/,,,Replace with commercially licensed images as needed.
mastwl,Waterlilly,images/products/mastwl/main.jpg,images/products/mastwl/alt-1.jpg,images/products/mastwl/alt-2.jpg,images/Trees/MA/MAstWL_L.jpg,images/products/mastwl/,,,Replace with commercially licensed images as needed.
lainwm,Watermelon Crapemyrtle,images/products/lainwm/main.jpg,images/products/lainwm/alt-1.jpg,images/products/lainwm/alt-2.jpg,images/Trees/LA/LAinWM_L.jpg,images/products/lainwm/,,,Replace with commercially licensed images as needed.
prsuwh,WEEPING HIGAN,images/products/prsuwh/main.jpg,images/products/prsuwh/alt-1.jpg,images/products/prsuwh/alt-2.jpg,images/Trees/PR/PRsuWH_L.jpg,images/products/prsuwh/,,,Replace with commercially licensed images as needed.
bxsewe,Wellerii,images/products/bxsewe/main.jpg,images/products/bxsewe/alt-1.jpg,images/products/bxsewe/alt-2.jpg,images/Shrubs/Evergreen/BX/BXseWE_L.jpg,images/products/bxsewe/,,,Replace with commercially licensed images as needed.
budawp,White Profusion Butterfly Bush,images/products/budawp/main.jpg,images/products/budawp/alt-1.jpg,images/products/budawp/alt-2.jpg,images/Shrubs/Flowering/BU/BUdaWP_L.jpg,images/products/budawp/,,,Replace with commercially licensed images as needed.
bxmiwg,Winter Gem,images/products/bxmiwg/main.jpg,images/products/bxmiwg/alt-1.jpg,images/products/bxmiwg/alt-2.jpg,images/Shrubs/Evergreen/BX/BXmiWG_L.jpg,images/products/bxmiwg/,,,Replace with commercially licensed images as needed.
syvucl,Common Lilac,images/products/syvucl/main.jpg,images/products/syvucl/alt-1.jpg,images/products/syvucl/alt-2.jpg,images/Shrubs/Flowering/SY/SYvuCL_L.jpg,images/products/syvucl/,,,Replace with commercially licensed images as needed.
